data,fazenda_id,temp_min_c,temp_max_c,umidade_relativa_pct,precipitacao_mm
2026-09-01,BV,10.7,21.5,77.1,0.0
2026-09-02,BV,13.1,22.1,79.4,0.0
2026-09-03,BV,11.9,23.1,73.3,0.0
2026-09-04,BV,14.8,24.0,75.0,0.0
2026-09-05,BV,14.4,21.4,92.5,19.1
2026-09-06,BV,13.9,23.9,76.5,0.0
2026-09-07,BV,13.1,22.9,70.9,0.0
2026-09-08,BV,13.3,23.4,70.0,0.0
2026-09-09,BV,11.5,23.4,77.9,0.0
2026-09-10,BV,11.9,22.9,71.3,0.0
2026-09-11,BV,12.2,23.1,69.9,0.0
2026-09-12,BV,11.2,23.0,67.6,0.0
2026-09-13,BV,11.9,22.6,70.1,0.0
2026-09-14,BV,12.3,21.7,76.2,0.0
2026-09-15,BV,10.4,21.9,76.1,0.0
2026-09-16,BV,10.0,22.7,76.1,0.0
2026-09-17,BV,12.6,21.6,77.5,0.0
2026-09-18,BV,11.2,21.5,75.8,0.0
2026-09-19,BV,11.2,22.7,70.5,0.0
2026-09-20,BV,11.0,22.7,67.1,0.0
2026-09-21,BV,13.0,19.0,92.6,12.8
2026-09-22,BV,13.6,18.5,92.7,27.9
2026-09-23,BV,13.0,18.8,96.8,15.8
2026-09-24,BV,12.4,18.1,93.5,16.4
2026-09-25,BV,13.3,18.4,95.6,5.8
2026-09-26,BV,13.4,19.5,96.2,24.0
2026-09-27,BV,14.6,20.1,93.8,6.2
2026-09-28,BV,13.2,18.2,91.3,11.1
2026-09-29,BV,12.9,18.7,96.3,16.1
2026-09-30,BV,14.2,20.0,92.9,5.3
2026-09-01,SC,8.1,18.6,79.1,0.0
2026-09-02,SC,10.0,20.8,78.4,0.0
2026-09-03,SC,10.0,21.4,75.9,0.0
2026-09-04,SC,10.9,20.6,78.2,0.0
2026-09-05,SC,10.8,19.8,84.2,0.0
2026-09-06,SC,10.7,20.4,85.2,0.0
2026-09-07,SC,11.0,17.2,86.6,20.5
2026-09-08,SC,10.7,16.0,88.6,7.9
2026-09-09,SC,9.6,18.7,79.0,0.0
2026-09-10,SC,8.7,19.0,78.9,0.0
2026-09-11,SC,7.5,17.1,87.8,0.0
2026-09-12,SC,10.3,20.9,88.5,0.0
2026-09-13,SC,10.6,21.1,80.8,0.0
2026-09-14,SC,11.5,17.4,88.9,15.2
2026-09-15,SC,10.5,15.9,89.0,24.3
2026-09-16,SC,8.6,14.3,89.2,21.6
2026-09-17,SC,8.3,18.2,79.0,0.0
2026-09-18,SC,7.8,17.6,77.3,0.0
2026-09-19,SC,5.8,15.3,81.7,0.0
2026-09-20,SC,8.2,19.5,85.2,0.0
2026-09-21,SC,9.3,20.6,81.2,0.0
2026-09-22,SC,11.4,17.9,88.3,13.2
2026-09-23,SC,12.3,18.2,88.9,11.4
2026-09-24,SC,11.4,17.3,87.9,17.9
2026-09-25,SC,10.9,18.1,87.5,0.0
2026-09-26,SC,10.3,20.0,85.3,0.0
2026-09-27,SC,10.3,19.5,79.8,0.0
2026-09-28,SC,11.2,17.6,91.4,14.3
2026-09-29,SC,12.5,18.3,93.7,16.4
2026-09-30,SC,10.6,20.5,79.3,0.0
2026-09-01,TI,16.6,32.5,45.6,0.0
2026-09-02,TI,16.0,31.3,40.2,0.0
2026-09-03,TI,16.4,32.1,38.2,0.0
2026-09-04,TI,17.6,32.3,43.4,0.0
2026-09-05,TI,17.7,34.4,42.2,0.0
2026-09-06,TI,19.0,33.7,43.2,0.0
2026-09-07,TI,18.6,35.4,44.4,0.0
2026-09-08,TI,17.7,34.7,44.4,0.0
2026-09-09,TI,17.7,33.2,43.6,0.0
2026-09-10,TI,18.7,33.6,44.6,0.0
2026-09-11,TI,17.3,33.6,44.6,0.0
2026-09-12,TI,15.9,32.4,42.2,0.0
2026-09-13,TI,14.6,30.7,45.2,0.0
2026-09-14,TI,17.1,30.2,39.2,0.0
2026-09-15,TI,14.4,31.6,40.5,0.0
2026-09-16,TI,15.4,31.3,39.4,0.0
2026-09-17,TI,16.3,32.8,41.5,0.0
2026-09-18,TI,16.5,32.7,44.2,0.0
2026-09-19,TI,16.1,31.6,47.8,0.0
2026-09-20,TI,15.2,30.7,45.6,0.0
2026-09-21,TI,15.7,31.7,47.2,0.0
2026-09-22,TI,16.2,32.9,42.6,0.0
2026-09-23,TI,15.6,32.4,37.3,0.0
2026-09-24,TI,15.8,31.4,35.9,0.0
2026-09-25,TI,17.7,32.6,37.2,0.0
2026-09-26,TI,17.9,33.2,41.8,0.0
2026-09-27,TI,19.7,33.7,36.6,0.0
2026-09-28,TI,18.5,34.2,36.2,0.0
2026-09-29,TI,18.6,36.4,33.9,0.0
2026-09-30,TI,19.3,36.1,46.9,0.0
