nome_imagem,caminho_relativo,categoria_detectada,confianca,categoria_esperada,acertou
00695906-210d-4a9d-822e-986a17384115___RS_LB 4026.JPG,Potato___Late_blight/00695906-210d-4a9d-822e-986a17384115___RS_LB 4026.JPG,Folha doente,0.999967,Folha doente,sim
02212653-e92b-49aa-96b7-9497af51e502___RS_LB 3151.JPG,Potato___Late_blight/02212653-e92b-49aa-96b7-9497af51e502___RS_LB 3151.JPG,Folha doente,1.000000,Folha doente,sim
031672c9-bf0a-46bf-8b52-d7cdc067612e___RS_LB 5019.JPG,Potato___Late_blight/031672c9-bf0a-46bf-8b52-d7cdc067612e___RS_LB 5019.JPG,Folha doente,0.999995,Folha doente,sim
0441138d-5f9f-4ede-ab9a-49edabc605b3___RS_LB 4235.JPG,Potato___Late_blight/0441138d-5f9f-4ede-ab9a-49edabc605b3___RS_LB 4235.JPG,Folha doente,0.999977,Folha doente,sim
0450570b-44d1-4290-956d-5d970164a2e2___RS_LB 5160.JPG,Potato___Late_blight/0450570b-44d1-4290-956d-5d970164a2e2___RS_LB 5160.JPG,Folha doente,1.000000,Folha doente,sim
051089cf-e083-4fdb-9256-aac12b8a55d2___RS_LB 4078.JPG,Potato___Late_blight/051089cf-e083-4fdb-9256-aac12b8a55d2___RS_LB 4078.JPG,Folha doente,1.000000,Folha doente,sim
05817623-2c4e-4517-88a1-fe81b9a73742___RS_LB 3920.JPG,Potato___Late_blight/05817623-2c4e-4517-88a1-fe81b9a73742___RS_LB 3920.JPG,Folha doente,1.000000,Folha doente,sim
09287918-9f73-4707-823f-f4331f5114a3___RS_LB 2604.JPG,Potato___Late_blight/09287918-9f73-4707-823f-f4331f5114a3___RS_LB 2604.JPG,Folha doente,1.000000,Folha doente,sim
127521ec-3cc5-4f98-ac73-ad561ec29e73___RS_LB 3219.JPG,Potato___Late_blight/127521ec-3cc5-4f98-ac73-ad561ec29e73___RS_LB 3219.JPG,Folha doente,1.000000,Folha doente,sim
145216a1-aab7-4f40-851d-a56c436ad0e3___RS_LB 2715.JPG,Potato___Late_blight/145216a1-aab7-4f40-851d-a56c436ad0e3___RS_LB 2715.JPG,Folha doente,1.000000,Folha doente,sim
14691d2b-446b-4f0e-921b-60d3b76cbf03___RS_LB 2518.JPG,Potato___Late_blight/14691d2b-446b-4f0e-921b-60d3b76cbf03___RS_LB 2518.JPG,Folha doente,1.000000,Folha doente,sim
1531198a-c611-47ee-af7d-7b124b863870___RS_LB 4793.JPG,Potato___Late_blight/1531198a-c611-47ee-af7d-7b124b863870___RS_LB 4793.JPG,Folha doente,0.999977,Folha doente,sim
1650365d-437c-4d36-b110-113a88c1090a___RS_LB 5459.JPG,Potato___Late_blight/1650365d-437c-4d36-b110-113a88c1090a___RS_LB 5459.JPG,Folha doente,0.999999,Folha doente,sim
17515ff9-075f-45a2-b8e6-1b8ba25c293d___RS_LB 4980.JPG,Potato___Late_blight/17515ff9-075f-45a2-b8e6-1b8ba25c293d___RS_LB 4980.JPG,Folha doente,1.000000,Folha doente,sim
19323229-6fdc-4231-bd3e-a46ddcff2111___RS_LB 3196.JPG,Potato___Late_blight/19323229-6fdc-4231-bd3e-a46ddcff2111___RS_LB 3196.JPG,Folha doente,1.000000,Folha doente,sim
19393f68-e96c-4c93-b4d1-39e1c54e53b1___RS_LB 4051.JPG,Potato___Late_blight/19393f68-e96c-4c93-b4d1-39e1c54e53b1___RS_LB 4051.JPG,Folha doente,0.999997,Folha doente,sim
201186ce-cec5-47ef-9f88-bd8c4abab2c8___RS_LB 2813.JPG,Potato___Late_blight/201186ce-cec5-47ef-9f88-bd8c4abab2c8___RS_LB 2813.JPG,Folha doente,0.999857,Folha doente,sim
20880dc9-069c-40e5-81be-6d6e33f9519c___RS_LB 4098.JPG,Potato___Late_blight/20880dc9-069c-40e5-81be-6d6e33f9519c___RS_LB 4098.JPG,Folha doente,0.999984,Folha doente,sim
2122118e-02ee-452b-864c-adf36ed5ce9c___RS_LB 2890.JPG,Potato___Late_blight/2122118e-02ee-452b-864c-adf36ed5ce9c___RS_LB 2890.JPG,Folha doente,1.000000,Folha doente,sim
24482fe2-5139-4f73-909e-9ea4a3d8bf5d___RS_LB 4733.JPG,Potato___Late_blight/24482fe2-5139-4f73-909e-9ea4a3d8bf5d___RS_LB 4733.JPG,Folha doente,1.000000,Folha doente,sim
2565077d-44d3-4213-82c2-bf5ae9a64368___RS_LB 3295.JPG,Potato___Late_blight/2565077d-44d3-4213-82c2-bf5ae9a64368___RS_LB 3295.JPG,Folha doente,1.000000,Folha doente,sim
25978f86-dca7-4052-bf6b-7d14ce0438ad___RS_LB 5016.JPG,Potato___Late_blight/25978f86-dca7-4052-bf6b-7d14ce0438ad___RS_LB 5016.JPG,Folha doente,1.000000,Folha doente,sim
2846161c-9ac0-4ef3-b563-aee344dac80d___RS_LB 4851.JPG,Potato___Late_blight/2846161c-9ac0-4ef3-b563-aee344dac80d___RS_LB 4851.JPG,Folha doente,1.000000,Folha doente,sim
30777af4-cbb4-44bf-946b-f1c5d17704ee___RS_LB 4822.JPG,Potato___Late_blight/30777af4-cbb4-44bf-946b-f1c5d17704ee___RS_LB 4822.JPG,Folha doente,0.999998,Folha doente,sim
30920583-57a6-4cc2-81d6-84879ec3af46___RS_LB 4930.JPG,Potato___Late_blight/30920583-57a6-4cc2-81d6-84879ec3af46___RS_LB 4930.JPG,Folha doente,0.999996,Folha doente,sim
319335dc-6a48-4fe4-932b-326f1455f3cd___RS_LB 4703.JPG,Potato___Late_blight/319335dc-6a48-4fe4-932b-326f1455f3cd___RS_LB 4703.JPG,Folha doente,1.000000,Folha doente,sim
326919e6-16b9-442b-ada3-e4c37b3ab8ef___RS_LB 3187.JPG,Potato___Late_blight/326919e6-16b9-442b-ada3-e4c37b3ab8ef___RS_LB 3187.JPG,Folha doente,1.000000,Folha doente,sim
33551627-5824-42b9-9547-4df44590fee1___RS_LB 4848.JPG,Potato___Late_blight/33551627-5824-42b9-9547-4df44590fee1___RS_LB 4848.JPG,Folha doente,1.000000,Folha doente,sim
33938ff2-ee2c-4571-96dd-6229a0cb4e0c___RS_LB 5184.JPG,Potato___Late_blight/33938ff2-ee2c-4571-96dd-6229a0cb4e0c___RS_LB 5184.JPG,Folha doente,0.999997,Folha doente,sim
350662fe-0ebf-4e6b-9ff9-6ceaf9d22067___RS_LB 3877.JPG,Potato___Late_blight/350662fe-0ebf-4e6b-9ff9-6ceaf9d22067___RS_LB 3877.JPG,Folha doente,0.999769,Folha doente,sim
351386f8-c501-45f6-ab0d-e9c1d1584204___RS_LB 5195.JPG,Potato___Late_blight/351386f8-c501-45f6-ab0d-e9c1d1584204___RS_LB 5195.JPG,Folha doente,1.000000,Folha doente,sim
35621849-08fd-442a-a94e-139b2657106e___RS_LB 4055.JPG,Potato___Late_blight/35621849-08fd-442a-a94e-139b2657106e___RS_LB 4055.JPG,Folha doente,0.999633,Folha doente,sim
36555aa6-0ca3-412c-be9f-50f12500861f___RS_LB 3907.JPG,Potato___Late_blight/36555aa6-0ca3-412c-be9f-50f12500861f___RS_LB 3907.JPG,Folha doente,1.000000,Folha doente,sim
37075adc-dd51-4a5b-8a6c-0649cb98516b___RS_LB 2678.JPG,Potato___Late_blight/37075adc-dd51-4a5b-8a6c-0649cb98516b___RS_LB 2678.JPG,Folha doente,1.000000,Folha doente,sim
40285dce-33de-4a59-82f4-2eb1d6d38469___RS_LB 4929.JPG,Potato___Late_blight/40285dce-33de-4a59-82f4-2eb1d6d38469___RS_LB 4929.JPG,Folha doente,0.999999,Folha doente,sim
4043044d-1e8d-4861-9152-99660fdffa9e___RS_LB 4438.JPG,Potato___Late_blight/4043044d-1e8d-4861-9152-99660fdffa9e___RS_LB 4438.JPG,Folha doente,1.000000,Folha doente,sim
42451eb3-fb45-4b9a-8dd3-c9b9aa3a29c8___RS_LB 4340.JPG,Potato___Late_blight/42451eb3-fb45-4b9a-8dd3-c9b9aa3a29c8___RS_LB 4340.JPG,Folha doente,1.000000,Folha doente,sim
43396f0d-f05b-4dce-a209-9edcbd62d39c___RS_LB 4407.JPG,Potato___Late_blight/43396f0d-f05b-4dce-a209-9edcbd62d39c___RS_LB 4407.JPG,Folha doente,0.999972,Folha doente,sim
437640c6-1680-4d1b-aa0b-c1dd52aa13a5___RS_LB 4926.JPG,Potato___Late_blight/437640c6-1680-4d1b-aa0b-c1dd52aa13a5___RS_LB 4926.JPG,Folha doente,1.000000,Folha doente,sim
44112cb9-7423-4983-bb9a-cb32e3ea9ac3___RS_LB 2793.JPG,Potato___Late_blight/44112cb9-7423-4983-bb9a-cb32e3ea9ac3___RS_LB 2793.JPG,Folha doente,1.000000,Folha doente,sim
44722935-fb60-4ecf-8503-f8258aa4e3e7___RS_LB 3225.JPG,Potato___Late_blight/44722935-fb60-4ecf-8503-f8258aa4e3e7___RS_LB 3225.JPG,Folha doente,1.000000,Folha doente,sim
465165a0-33c0-4593-8324-03513e71079d___RS_LB 4445.JPG,Potato___Late_blight/465165a0-33c0-4593-8324-03513e71079d___RS_LB 4445.JPG,Folha doente,1.000000,Folha doente,sim
465669d7-b75c-4aab-8ccc-af3566baf2e3___RS_LB 4985.JPG,Potato___Late_blight/465669d7-b75c-4aab-8ccc-af3566baf2e3___RS_LB 4985.JPG,Folha doente,0.999990,Folha doente,sim
468629f7-6ca2-4823-9a39-d42b4d92c4bb___RS_LB 5312.JPG,Potato___Late_blight/468629f7-6ca2-4823-9a39-d42b4d92c4bb___RS_LB 5312.JPG,Folha doente,1.000000,Folha doente,sim
489107b2-13f2-401b-b931-39ca7fd4be2b___RS_LB 2665.JPG,Potato___Late_blight/489107b2-13f2-401b-b931-39ca7fd4be2b___RS_LB 2665.JPG,Folha doente,1.000000,Folha doente,sim
49835c13-105d-4afb-95dd-b4ee15f3d287___RS_LB 4099.JPG,Potato___Late_blight/49835c13-105d-4afb-95dd-b4ee15f3d287___RS_LB 4099.JPG,Folha doente,1.000000,Folha doente,sim
516099d5-5399-4d6e-916d-014a84a02a18___RS_LB 4118.JPG,Potato___Late_blight/516099d5-5399-4d6e-916d-014a84a02a18___RS_LB 4118.JPG,Folha doente,1.000000,Folha doente,sim
523537e5-5795-40f6-ad49-9394aeca3f2e___RS_LB 3848.JPG,Potato___Late_blight/523537e5-5795-40f6-ad49-9394aeca3f2e___RS_LB 3848.JPG,Folha doente,0.998792,Folha doente,sim
5318452f-222d-4abc-b39c-55fa6c26a82a___RS_LB 3063.JPG,Potato___Late_blight/5318452f-222d-4abc-b39c-55fa6c26a82a___RS_LB 3063.JPG,Folha doente,1.000000,Folha doente,sim
53367bb0-3f38-4c90-a71d-05592341e4aa___RS_LB 4149.JPG,Potato___Late_blight/53367bb0-3f38-4c90-a71d-05592341e4aa___RS_LB 4149.JPG,Folha doente,0.999995,Folha doente,sim
541591d3-3560-4540-ac2c-9749936e80ae___RS_LB 2553.JPG,Potato___Late_blight/541591d3-3560-4540-ac2c-9749936e80ae___RS_LB 2553.JPG,Folha doente,1.000000,Folha doente,sim
5576794b-902c-4df2-ae8d-da30faa37d5d___RS_LB 4443.JPG,Potato___Late_blight/5576794b-902c-4df2-ae8d-da30faa37d5d___RS_LB 4443.JPG,Folha doente,1.000000,Folha doente,sim
55987838-6174-4182-be76-78ddd50890fb___RS_LB 4714.JPG,Potato___Late_blight/55987838-6174-4182-be76-78ddd50890fb___RS_LB 4714.JPG,Folha doente,1.000000,Folha doente,sim
5674826f-aeb6-4142-809e-ea9e4fd391c3___RS_LB 2940.JPG,Potato___Late_blight/5674826f-aeb6-4142-809e-ea9e4fd391c3___RS_LB 2940.JPG,Folha doente,1.000000,Folha doente,sim
57462a7c-a8f4-4b99-b312-a8b6e6a0e6f0___RS_LB 5330.JPG,Potato___Late_blight/57462a7c-a8f4-4b99-b312-a8b6e6a0e6f0___RS_LB 5330.JPG,Folha doente,1.000000,Folha doente,sim
57980690-2488-4715-ae89-84e84d17ee10___RS_LB 3978.JPG,Potato___Late_blight/57980690-2488-4715-ae89-84e84d17ee10___RS_LB 3978.JPG,Folha doente,0.998736,Folha doente,sim
58334b81-9aab-4b5c-b655-f7078a81135b___RS_LB 3846.JPG,Potato___Late_blight/58334b81-9aab-4b5c-b655-f7078a81135b___RS_LB 3846.JPG,Folha doente,0.999928,Folha doente,sim
58475c1a-a4c2-43bd-b361-60523b5c62d2___RS_LB 3912.JPG,Potato___Late_blight/58475c1a-a4c2-43bd-b361-60523b5c62d2___RS_LB 3912.JPG,Folha doente,1.000000,Folha doente,sim
600100de-8374-4ddd-a816-318235e27948___RS_LB 2895.JPG,Potato___Late_blight/600100de-8374-4ddd-a816-318235e27948___RS_LB 2895.JPG,Folha doente,1.000000,Folha doente,sim
60463ced-752c-4af3-9082-1de380c572e4___RS_LB 2580.JPG,Potato___Late_blight/60463ced-752c-4af3-9082-1de380c572e4___RS_LB 2580.JPG,Folha doente,1.000000,Folha doente,sim
629303c0-a89e-4f67-9ac8-aa769cf3a163___RS_LB 3945.JPG,Potato___Late_blight/629303c0-a89e-4f67-9ac8-aa769cf3a163___RS_LB 3945.JPG,Folha doente,0.999996,Folha doente,sim
63490f84-88b0-4105-bb76-23990e98c692___RS_LB 3041.JPG,Potato___Late_blight/63490f84-88b0-4105-bb76-23990e98c692___RS_LB 3041.JPG,Folha doente,1.000000,Folha doente,sim
6522615a-cbe1-4770-a137-25a2c081e1d9___RS_LB 2917.JPG,Potato___Late_blight/6522615a-cbe1-4770-a137-25a2c081e1d9___RS_LB 2917.JPG,Folha doente,1.000000,Folha doente,sim
66473aff-3438-4a8c-8c05-5fed8a4255ae___RS_LB 4473.JPG,Potato___Late_blight/66473aff-3438-4a8c-8c05-5fed8a4255ae___RS_LB 4473.JPG,Folha doente,0.999998,Folha doente,sim
668455c6-f7cf-4dc3-a4a8-858e7d4b55c9___RS_LB 3878.JPG,Potato___Late_blight/668455c6-f7cf-4dc3-a4a8-858e7d4b55c9___RS_LB 3878.JPG,Folha doente,1.000000,Folha doente,sim
67001c81-d182-4bc6-b9b8-f25ddb0a2db4___RS_LB 5231.JPG,Potato___Late_blight/67001c81-d182-4bc6-b9b8-f25ddb0a2db4___RS_LB 5231.JPG,Folha doente,1.000000,Folha doente,sim
68882ae5-79b6-4681-9e06-af8ae5999779___RS_LB 3952.JPG,Potato___Late_blight/68882ae5-79b6-4681-9e06-af8ae5999779___RS_LB 3952.JPG,Folha doente,1.000000,Folha doente,sim
7153262e-7692-441e-9677-056a349d62b8___RS_LB 4813.JPG,Potato___Late_blight/7153262e-7692-441e-9677-056a349d62b8___RS_LB 4813.JPG,Folha doente,1.000000,Folha doente,sim
716325d9-fca6-46b4-8f5a-f6729c211200___RS_LB 3958.JPG,Potato___Late_blight/716325d9-fca6-46b4-8f5a-f6729c211200___RS_LB 3958.JPG,Folha doente,0.999999,Folha doente,sim
72485a02-60b9-424a-ba1f-de8078b07176___RS_LB 3148.JPG,Potato___Late_blight/72485a02-60b9-424a-ba1f-de8078b07176___RS_LB 3148.JPG,Folha doente,1.000000,Folha doente,sim
73366261-64f3-4219-a43a-97cda85474a9___RS_LB 3332.JPG,Potato___Late_blight/73366261-64f3-4219-a43a-97cda85474a9___RS_LB 3332.JPG,Folha doente,1.000000,Folha doente,sim
74277267-6a9f-44d0-95fe-7f52f89630a0___RS_LB 5074.JPG,Potato___Late_blight/74277267-6a9f-44d0-95fe-7f52f89630a0___RS_LB 5074.JPG,Folha doente,1.000000,Folha doente,sim
764311f2-6fd3-424d-aabc-9ad013a41997___RS_LB 3136.JPG,Potato___Late_blight/764311f2-6fd3-424d-aabc-9ad013a41997___RS_LB 3136.JPG,Folha doente,1.000000,Folha doente,sim
77164347-18bd-4466-aca9-0f61e6a36468___RS_LB 4155.JPG,Potato___Late_blight/77164347-18bd-4466-aca9-0f61e6a36468___RS_LB 4155.JPG,Folha doente,0.999997,Folha doente,sim
7774658c-0dcb-4b7c-a1fa-573de03373dd___RS_LB 3135.JPG,Potato___Late_blight/7774658c-0dcb-4b7c-a1fa-573de03373dd___RS_LB 3135.JPG,Folha doente,1.000000,Folha doente,sim
815516f8-6fb1-4f92-bdff-63349e5ee83f___RS_LB 3237.JPG,Potato___Late_blight/815516f8-6fb1-4f92-bdff-63349e5ee83f___RS_LB 3237.JPG,Folha doente,1.000000,Folha doente,sim
82967117-2bcc-4949-b060-738e7b66b755___RS_LB 4744.JPG,Potato___Late_blight/82967117-2bcc-4949-b060-738e7b66b755___RS_LB 4744.JPG,Folha doente,0.999991,Folha doente,sim
84559c6d-0589-4d8d-8fc3-a818b067f85c___RS_LB 4608.JPG,Potato___Late_blight/84559c6d-0589-4d8d-8fc3-a818b067f85c___RS_LB 4608.JPG,Folha doente,1.000000,Folha doente,sim
8829e413-5a7a-4680-b873-e71dfa9dbfe4___RS_LB 3974.JPG,Potato___Late_blight/8829e413-5a7a-4680-b873-e71dfa9dbfe4___RS_LB 3974.JPG,Folha doente,0.890850,Folha doente,sim
9001b18c-b659-4c56-9dfb-0d0bf64a7b4a___RS_LB 4987.JPG,Potato___Late_blight/9001b18c-b659-4c56-9dfb-0d0bf64a7b4a___RS_LB 4987.JPG,Folha doente,1.000000,Folha doente,sim
9009c86e-1205-4694-b0bb-ef7cf78dd104___RS_LB 3995.JPG,Potato___Late_blight/9009c86e-1205-4694-b0bb-ef7cf78dd104___RS_LB 3995.JPG,Folha doente,0.999976,Folha doente,sim
90302aa5-644e-4857-b60f-92f6aed488fa___RS_LB 3246.JPG,Potato___Late_blight/90302aa5-644e-4857-b60f-92f6aed488fa___RS_LB 3246.JPG,Folha doente,0.999997,Folha doente,sim
9032d569-294e-4b8b-a70f-ecff949e43e2___RS_LB 3998.JPG,Potato___Late_blight/9032d569-294e-4b8b-a70f-ecff949e43e2___RS_LB 3998.JPG,Folha doente,0.999989,Folha doente,sim
90596f7b-1efa-4595-8d57-bcbd4c48253f___RS_LB 4753.JPG,Potato___Late_blight/90596f7b-1efa-4595-8d57-bcbd4c48253f___RS_LB 4753.JPG,Folha doente,1.000000,Folha doente,sim
908546cd-34b8-4502-ab09-0c5bb7c1d87b___RS_LB 4912.JPG,Potato___Late_blight/908546cd-34b8-4502-ab09-0c5bb7c1d87b___RS_LB 4912.JPG,Folha doente,0.999998,Folha doente,sim
910139a3-cd42-4adc-a24b-3602fd4de7d3___RS_LB 4415.JPG,Potato___Late_blight/910139a3-cd42-4adc-a24b-3602fd4de7d3___RS_LB 4415.JPG,Folha doente,0.999726,Folha doente,sim
9157168d-8377-4a75-8dc2-d7c951efeb55___RS_LB 4978.JPG,Potato___Late_blight/9157168d-8377-4a75-8dc2-d7c951efeb55___RS_LB 4978.JPG,Folha doente,1.000000,Folha doente,sim
919150bd-372b-44e0-a70e-a13e60dccbce___RS_LB 3263.JPG,Potato___Late_blight/919150bd-372b-44e0-a70e-a13e60dccbce___RS_LB 3263.JPG,Folha doente,0.999981,Folha doente,sim
9254f86d-5d83-4217-a7f5-84d08e1b93ee___RS_LB 4037.JPG,Potato___Late_blight/9254f86d-5d83-4217-a7f5-84d08e1b93ee___RS_LB 4037.JPG,Folha doente,1.000000,Folha doente,sim
93935af4-3aae-4dd6-90d9-fb28e439faf0___RS_LB 3299.JPG,Potato___Late_blight/93935af4-3aae-4dd6-90d9-fb28e439faf0___RS_LB 3299.JPG,Folha doente,1.000000,Folha doente,sim
9475f5bf-607b-4091-8a6d-8f09921478a7___RS_LB 5191.JPG,Potato___Late_blight/9475f5bf-607b-4091-8a6d-8f09921478a7___RS_LB 5191.JPG,Folha doente,1.000000,Folha doente,sim
9570095c-02e9-497b-bec1-4e526f3462e5___RS_LB 2815.JPG,Potato___Late_blight/9570095c-02e9-497b-bec1-4e526f3462e5___RS_LB 2815.JPG,Folha doente,0.989422,Folha doente,sim
95816fab-df6d-4730-8f52-4b64aac47e3d___RS_LB 3056.JPG,Potato___Late_blight/95816fab-df6d-4730-8f52-4b64aac47e3d___RS_LB 3056.JPG,Folha doente,1.000000,Folha doente,sim
9631fd8f-244c-4047-98e4-aecc907624c1___RS_LB 4573.JPG,Potato___Late_blight/9631fd8f-244c-4047-98e4-aecc907624c1___RS_LB 4573.JPG,Folha doente,1.000000,Folha doente,sim
96879d98-11ca-40c7-9708-9ca8f235f407___RS_LB 2739.JPG,Potato___Late_blight/96879d98-11ca-40c7-9708-9ca8f235f407___RS_LB 2739.JPG,Folha doente,0.999999,Folha doente,sim
974344ba-438f-4190-b71c-875924190fdc___RS_LB 3866.JPG,Potato___Late_blight/974344ba-438f-4190-b71c-875924190fdc___RS_LB 3866.JPG,Folha doente,0.999730,Folha doente,sim
990428a4-bfa8-450d-a755-fade1df0a214___RS_LB 4082.JPG,Potato___Late_blight/990428a4-bfa8-450d-a755-fade1df0a214___RS_LB 4082.JPG,Folha doente,1.000000,Folha doente,sim
9933b288-b5fe-4cbf-a9fa-58ef769b6f7c___RS_LB 2540.JPG,Potato___Late_blight/9933b288-b5fe-4cbf-a9fa-58ef769b6f7c___RS_LB 2540.JPG,Folha doente,0.999877,Folha doente,sim
9934bde8-1c89-4ba6-95e6-015a69540873___RS_LB 4146.JPG,Potato___Late_blight/9934bde8-1c89-4ba6-95e6-015a69540873___RS_LB 4146.JPG,Folha doente,1.000000,Folha doente,sim
9996efa6-219d-4f07-aa12-dc8ca40609b9___RS_LB 2840.JPG,Potato___Late_blight/9996efa6-219d-4f07-aa12-dc8ca40609b9___RS_LB 2840.JPG,Folha doente,0.999997,Folha doente,sim
Potato_healthy-26-_0_4635.jpg,Potato___healthy/Potato_healthy-26-_0_4635.jpg,Folha saudável,0.999998,Folha saudável,sim
Potato_healthy-26-_0_6502.jpg,Potato___healthy/Potato_healthy-26-_0_6502.jpg,Folha saudável,1.000000,Folha saudável,sim
Potato_healthy-26-_0_8117.jpg,Potato___healthy/Potato_healthy-26-_0_8117.jpg,Folha saudável,1.000000,Folha saudável,sim
Potato_healthy-26-_0_9285.jpg,Potato___healthy/Potato_healthy-26-_0_9285.jpg,Folha saudável,1.000000,Folha saudável,sim
Potato_healthy-27-_0_1057.jpg,Potato___healthy/Potato_healthy-27-_0_1057.jpg,Folha saudável,0.999991,Folha saudável,sim
Potato_healthy-27-_0_202.jpg,Potato___healthy/Potato_healthy-27-_0_202.jpg,Folha saudável,0.999997,Folha saudável,sim
Potato_healthy-27-_0_3311.jpg,Potato___healthy/Potato_healthy-27-_0_3311.jpg,Folha saudável,0.999248,Folha saudável,sim
Potato_healthy-27-_0_9917.jpg,Potato___healthy/Potato_healthy-27-_0_9917.jpg,Folha saudável,0.999998,Folha saudável,sim
Potato_healthy-28-_0_5194.jpg,Potato___healthy/Potato_healthy-28-_0_5194.jpg,Folha saudável,1.000000,Folha saudável,sim
Potato_healthy-28-_0_8369.jpg,Potato___healthy/Potato_healthy-28-_0_8369.jpg,Folha saudável,0.999997,Folha saudável,sim
Potato_healthy-28-_0_8545.jpg,Potato___healthy/Potato_healthy-28-_0_8545.jpg,Folha saudável,0.999999,Folha saudável,sim
Potato_healthy-28-_0_9271.jpg,Potato___healthy/Potato_healthy-28-_0_9271.jpg,Folha saudável,0.999999,Folha saudável,sim
Potato_healthy-29-_0_522.jpg,Potato___healthy/Potato_healthy-29-_0_522.jpg,Folha saudável,0.999999,Folha saudável,sim
Potato_healthy-29-_0_5436.jpg,Potato___healthy/Potato_healthy-29-_0_5436.jpg,Folha saudável,0.999997,Folha saudável,sim
Potato_healthy-29-_0_90.jpg,Potato___healthy/Potato_healthy-29-_0_90.jpg,Folha saudável,0.999940,Folha saudável,sim
Potato_healthy-29-_0_9318.jpg,Potato___healthy/Potato_healthy-29-_0_9318.jpg,Folha saudável,0.999999,Folha saudável,sim
Potato_healthy-30-_0_3335.jpg,Potato___healthy/Potato_healthy-30-_0_3335.jpg,Folha saudável,0.999999,Folha saudável,sim
Potato_healthy-30-_0_5073.jpg,Potato___healthy/Potato_healthy-30-_0_5073.jpg,Folha saudável,0.999999,Folha saudável,sim
Potato_healthy-30-_0_563.jpg,Potato___healthy/Potato_healthy-30-_0_563.jpg,Folha saudável,0.999982,Folha saudável,sim
Potato_healthy-30-_0_7912.jpg,Potato___healthy/Potato_healthy-30-_0_7912.jpg,Folha saudável,0.999981,Folha saudável,sim
Potato_healthy-31-_0_2766.jpg,Potato___healthy/Potato_healthy-31-_0_2766.jpg,Folha saudável,0.999900,Folha saudável,sim
Potato_healthy-31-_0_8340.jpg,Potato___healthy/Potato_healthy-31-_0_8340.jpg,Folha saudável,0.999999,Folha saudável,sim
Potato_healthy-31-_0_839.jpg,Potato___healthy/Potato_healthy-31-_0_839.jpg,Folha saudável,0.999999,Folha saudável,sim
Potato_healthy-31-_0_9178.jpg,Potato___healthy/Potato_healthy-31-_0_9178.jpg,Folha saudável,0.999987,Folha saudável,sim
Potato_healthy-32-_0_2382.jpg,Potato___healthy/Potato_healthy-32-_0_2382.jpg,Folha saudável,0.999909,Folha saudável,sim
Potato_healthy-32-_0_2740.jpg,Potato___healthy/Potato_healthy-32-_0_2740.jpg,Folha saudável,0.999937,Folha saudável,sim
Potato_healthy-32-_0_4295.jpg,Potato___healthy/Potato_healthy-32-_0_4295.jpg,Folha saudável,0.999976,Folha saudável,sim
Potato_healthy-32-_0_7410.jpg,Potato___healthy/Potato_healthy-32-_0_7410.jpg,Folha saudável,0.999996,Folha saudável,sim
Potato_healthy-33-_0_2978.jpg,Potato___healthy/Potato_healthy-33-_0_2978.jpg,Folha saudável,0.999989,Folha saudável,sim
Potato_healthy-33-_0_4762.jpg,Potato___healthy/Potato_healthy-33-_0_4762.jpg,Folha saudável,0.999996,Folha saudável,sim
Potato_healthy-33-_0_8005.jpg,Potato___healthy/Potato_healthy-33-_0_8005.jpg,Folha saudável,0.999998,Folha saudável,sim
Potato_healthy-33-_0_9870.jpg,Potato___healthy/Potato_healthy-33-_0_9870.jpg,Folha saudável,0.999999,Folha saudável,sim
Potato_healthy-34-_0_3420.jpg,Potato___healthy/Potato_healthy-34-_0_3420.jpg,Folha saudável,0.999989,Folha saudável,sim
Potato_healthy-34-_0_483.jpg,Potato___healthy/Potato_healthy-34-_0_483.jpg,Folha saudável,0.999997,Folha saudável,sim
Potato_healthy-34-_0_5397.jpg,Potato___healthy/Potato_healthy-34-_0_5397.jpg,Folha saudável,0.999995,Folha saudável,sim
Potato_healthy-34-_0_8155.jpg,Potato___healthy/Potato_healthy-34-_0_8155.jpg,Folha saudável,0.999994,Folha saudável,sim
Potato_healthy-35-_0_3642.jpg,Potato___healthy/Potato_healthy-35-_0_3642.jpg,Folha saudável,0.999999,Folha saudável,sim
Potato_healthy-35-_0_3861.jpg,Potato___healthy/Potato_healthy-35-_0_3861.jpg,Folha saudável,1.000000,Folha saudável,sim
Potato_healthy-35-_0_8200.jpg,Potato___healthy/Potato_healthy-35-_0_8200.jpg,Folha saudável,1.000000,Folha saudável,sim
Potato_healthy-35-_0_892.jpg,Potato___healthy/Potato_healthy-35-_0_892.jpg,Folha saudável,0.998446,Folha saudável,sim
Potato_healthy-36-_0_4796.jpg,Potato___healthy/Potato_healthy-36-_0_4796.jpg,Folha saudável,0.999993,Folha saudável,sim
Potato_healthy-36-_0_7671.jpg,Potato___healthy/Potato_healthy-36-_0_7671.jpg,Folha saudável,0.999994,Folha saudável,sim
Potato_healthy-36-_0_8046.jpg,Potato___healthy/Potato_healthy-36-_0_8046.jpg,Folha saudável,0.999994,Folha saudável,sim
Potato_healthy-36-_0_9453.jpg,Potato___healthy/Potato_healthy-36-_0_9453.jpg,Folha saudável,1.000000,Folha saudável,sim
Potato_healthy-37-_0_1717.jpg,Potato___healthy/Potato_healthy-37-_0_1717.jpg,Folha saudável,0.999976,Folha saudável,sim
Potato_healthy-37-_0_1925.jpg,Potato___healthy/Potato_healthy-37-_0_1925.jpg,Folha saudável,0.999969,Folha saudável,sim
Potato_healthy-37-_0_6540.jpg,Potato___healthy/Potato_healthy-37-_0_6540.jpg,Folha saudável,0.983647,Folha saudável,sim
Potato_healthy-37-_0_7226.jpg,Potato___healthy/Potato_healthy-37-_0_7226.jpg,Folha saudável,0.999949,Folha saudável,sim
Potato_healthy-38-_0_5133.jpg,Potato___healthy/Potato_healthy-38-_0_5133.jpg,Folha saudável,0.999994,Folha saudável,sim
Potato_healthy-38-_0_5432.jpg,Potato___healthy/Potato_healthy-38-_0_5432.jpg,Folha saudável,0.999916,Folha saudável,sim
Potato_healthy-38-_0_5655.jpg,Potato___healthy/Potato_healthy-38-_0_5655.jpg,Folha saudável,0.998745,Folha saudável,sim
Potato_healthy-38-_0_739.jpg,Potato___healthy/Potato_healthy-38-_0_739.jpg,Folha saudável,0.999999,Folha saudável,sim
Potato_healthy-39-_0_1499.jpg,Potato___healthy/Potato_healthy-39-_0_1499.jpg,Folha saudável,0.999999,Folha saudável,sim
Potato_healthy-39-_0_1922.jpg,Potato___healthy/Potato_healthy-39-_0_1922.jpg,Folha saudável,0.999084,Folha saudável,sim
Potato_healthy-39-_0_6873.jpg,Potato___healthy/Potato_healthy-39-_0_6873.jpg,Folha saudável,0.999988,Folha saudável,sim
Potato_healthy-39-_0_7424.jpg,Potato___healthy/Potato_healthy-39-_0_7424.jpg,Folha saudável,0.999993,Folha saudável,sim
Potato_healthy-40-_0_1629.jpg,Potato___healthy/Potato_healthy-40-_0_1629.jpg,Folha saudável,1.000000,Folha saudável,sim
Potato_healthy-40-_0_2103.jpg,Potato___healthy/Potato_healthy-40-_0_2103.jpg,Folha saudável,1.000000,Folha saudável,sim
Potato_healthy-40-_0_5427.jpg,Potato___healthy/Potato_healthy-40-_0_5427.jpg,Folha saudável,1.000000,Folha saudável,sim
Potato_healthy-40-_0_7698.jpg,Potato___healthy/Potato_healthy-40-_0_7698.jpg,Folha saudável,1.000000,Folha saudável,sim
Potato_healthy-41-_0_2629.jpg,Potato___healthy/Potato_healthy-41-_0_2629.jpg,Folha saudável,0.999995,Folha saudável,sim
Potato_healthy-41-_0_697.jpg,Potato___healthy/Potato_healthy-41-_0_697.jpg,Folha saudável,0.999995,Folha saudável,sim
Potato_healthy-41-_0_7424.jpg,Potato___healthy/Potato_healthy-41-_0_7424.jpg,Folha saudável,0.999981,Folha saudável,sim
Potato_healthy-41-_0_9291.jpg,Potato___healthy/Potato_healthy-41-_0_9291.jpg,Folha saudável,0.999999,Folha saudável,sim
Potato_healthy-42-_0_2538.jpg,Potato___healthy/Potato_healthy-42-_0_2538.jpg,Folha saudável,0.999996,Folha saudável,sim
Potato_healthy-42-_0_2949.jpg,Potato___healthy/Potato_healthy-42-_0_2949.jpg,Folha saudável,1.000000,Folha saudável,sim
Potato_healthy-42-_0_446.jpg,Potato___healthy/Potato_healthy-42-_0_446.jpg,Folha saudável,1.000000,Folha saudável,sim
Potato_healthy-42-_0_5065.jpg,Potato___healthy/Potato_healthy-42-_0_5065.jpg,Folha saudável,0.999997,Folha saudável,sim
Potato_healthy-43-_0_3128.jpg,Potato___healthy/Potato_healthy-43-_0_3128.jpg,Folha saudável,0.999980,Folha saudável,sim
Potato_healthy-43-_0_5909.jpg,Potato___healthy/Potato_healthy-43-_0_5909.jpg,Folha saudável,0.999996,Folha saudável,sim
Potato_healthy-43-_0_7909.jpg,Potato___healthy/Potato_healthy-43-_0_7909.jpg,Folha saudável,0.999950,Folha saudável,sim
Potato_healthy-43-_0_8883.jpg,Potato___healthy/Potato_healthy-43-_0_8883.jpg,Folha saudável,0.999999,Folha saudável,sim
Potato_healthy-44-_0_2639.jpg,Potato___healthy/Potato_healthy-44-_0_2639.jpg,Folha saudável,0.999999,Folha saudável,sim
Potato_healthy-44-_0_6109.jpg,Potato___healthy/Potato_healthy-44-_0_6109.jpg,Folha saudável,0.999998,Folha saudável,sim
Potato_healthy-44-_0_9252.jpg,Potato___healthy/Potato_healthy-44-_0_9252.jpg,Folha saudável,0.996378,Folha saudável,sim
Potato_healthy-44-_0_9323.jpg,Potato___healthy/Potato_healthy-44-_0_9323.jpg,Folha saudável,0.999994,Folha saudável,sim
Potato_healthy-45-_0_561.jpg,Potato___healthy/Potato_healthy-45-_0_561.jpg,Folha saudável,0.999999,Folha saudável,sim
Potato_healthy-45-_0_6777.jpg,Potato___healthy/Potato_healthy-45-_0_6777.jpg,Folha saudável,1.000000,Folha saudável,sim
Potato_healthy-45-_0_7254.jpg,Potato___healthy/Potato_healthy-45-_0_7254.jpg,Folha saudável,1.000000,Folha saudável,sim
Potato_healthy-45-_0_9708.jpg,Potato___healthy/Potato_healthy-45-_0_9708.jpg,Folha saudável,1.000000,Folha saudável,sim
Potato_healthy-46-_0_1786.jpg,Potato___healthy/Potato_healthy-46-_0_1786.jpg,Folha doente,0.740420,Folha saudável,não
Potato_healthy-46-_0_6185.jpg,Potato___healthy/Potato_healthy-46-_0_6185.jpg,Folha saudável,0.999998,Folha saudável,sim
Potato_healthy-46-_0_8389.jpg,Potato___healthy/Potato_healthy-46-_0_8389.jpg,Folha saudável,0.880699,Folha saudável,sim
Potato_healthy-46-_0_9804.jpg,Potato___healthy/Potato_healthy-46-_0_9804.jpg,Folha saudável,0.999981,Folha saudável,sim
Potato_healthy-47-_0_1909.jpg,Potato___healthy/Potato_healthy-47-_0_1909.jpg,Folha saudável,0.999996,Folha saudável,sim
Potato_healthy-47-_0_2245.jpg,Potato___healthy/Potato_healthy-47-_0_2245.jpg,Folha saudável,0.999990,Folha saudável,sim
Potato_healthy-47-_0_2947.jpg,Potato___healthy/Potato_healthy-47-_0_2947.jpg,Folha saudável,0.999984,Folha saudável,sim
Potato_healthy-47-_0_610.jpg,Potato___healthy/Potato_healthy-47-_0_610.jpg,Folha saudável,0.999680,Folha saudável,sim
Potato_healthy-48-_0_2412.jpg,Potato___healthy/Potato_healthy-48-_0_2412.jpg,Folha saudável,1.000000,Folha saudável,sim
Potato_healthy-48-_0_3399.jpg,Potato___healthy/Potato_healthy-48-_0_3399.jpg,Folha saudável,1.000000,Folha saudável,sim
Potato_healthy-48-_0_796.jpg,Potato___healthy/Potato_healthy-48-_0_796.jpg,Folha saudável,1.000000,Folha saudável,sim
Potato_healthy-48-_0_9953.jpg,Potato___healthy/Potato_healthy-48-_0_9953.jpg,Folha saudável,1.000000,Folha saudável,sim
Potato_healthy-49-_0_2244.jpg,Potato___healthy/Potato_healthy-49-_0_2244.jpg,Folha saudável,1.000000,Folha saudável,sim
Potato_healthy-49-_0_2884.jpg,Potato___healthy/Potato_healthy-49-_0_2884.jpg,Folha saudável,0.999999,Folha saudável,sim
Potato_healthy-49-_0_3413.jpg,Potato___healthy/Potato_healthy-49-_0_3413.jpg,Folha saudável,0.999995,Folha saudável,sim
Potato_healthy-49-_0_8902.jpg,Potato___healthy/Potato_healthy-49-_0_8902.jpg,Folha saudável,1.000000,Folha saudável,sim
Potato_healthy-50-_0_1102.jpg,Potato___healthy/Potato_healthy-50-_0_1102.jpg,Folha saudável,1.000000,Folha saudável,sim
Potato_healthy-50-_0_3134.jpg,Potato___healthy/Potato_healthy-50-_0_3134.jpg,Folha saudável,0.888525,Folha saudável,sim
Potato_healthy-50-_0_9285.jpg,Potato___healthy/Potato_healthy-50-_0_9285.jpg,Folha saudável,0.999999,Folha saudável,sim
Potato_healthy-50-_0_9887.jpg,Potato___healthy/Potato_healthy-50-_0_9887.jpg,Folha saudável,1.000000,Folha saudável,sim
